stadt,stadt_key,land,mg_l_caco3,dH,zone_min_dH,zone_max_dH,calcium_mg_l,magnesium_mg_l,nitrat_mg_l,natrium_mg_l,ph,karbonathaerte_mg_l_caco3,herkunft,band_international,stand,quelle,quelle_url,kh_min_dH,kh_max_dH,kh_berechnet_min_dH,kh_berechnet_max_dH,kh_stand,kh_quelle_url
Bregenz,Bregenz,AT,198.1,11.1,11.1,13.8,65.0,8.8,,,7.6,198.1,spring;groundwater,very hard,2026,Stadtwerke Bregenz,https://www.stadtwerke-bregenz.at/wasser-kanal-muell/wasserqualitaet,11.1,11.1,,,2026,https://www.stadtwerke-bregenz.at/wasser-kanal-muell/wasserqualitaet
Dornbirn,Dornbirn,AT,,,8.3,14.1,,,,,,,,varies by supply zone,2019,"Stadt Dornbirn, Wasserwerk (Gemeindeblatt)",https://www.dornbirn.at/fileadmin/www.dornbirn.at/Kommunikation/Dokumente/Gemeindeblatt_2020/Gemeindeblatt-Nr-8-vom-21-02-2020.pdf,7.8,12.3,,,2019,https://www.dornbirn.at/fileadmin/www.dornbirn.at/Kommunikation/Dokumente/Gemeindeblatt_2020/Gemeindeblatt-Nr-8-vom-21-02-2020.pdf
Feldkirch,Feldkirch,AT,,,9.2,17.0,,,,,7.4,,spring;groundwater,varies by supply zone,2025,Stadtwerke Feldkirch,https://www.stadtwerke-feldkirch.at/unsere-bereiche/wasser/informationen-zur-wasserqualitaet-und-haerte,7.7,14.4,,,2025,https://www.stadtwerke-feldkirch.at/fileadmin/user_upload/document/Stadtwerke_Feldkirch/Wasser/2026_Quellwasseruntersuchung_Bereich_Samina.pdf
Graz,Graz,AT,,,15.0,22.0,,,,,7.6,,,varies by supply zone,2025,Holding Graz Wasserwirtschaft,https://www.holding-graz.at/de/wasser/wasserlabor/,11.0,16.0,,,2025,https://www.holding-graz.at/wp-content/uploads/2026/01/Befund-Graz_2025.pdf
Innsbruck,Innsbruck,AT,,,1.5,18.2,,,,,8.0,,spring,varies by supply zone,2024,Innsbrucker Kommunalbetriebe (IKB),https://www.ikb.at/fileadmin/user_upload/Dokumente/Wasser/IKB_Wasser_Parameter-Versorgungszonen.pdf,0.9,13.7,6.5,14.5,unda,https://www.ikb.at/wasserhaerte-innsbruck
Kapfenberg,Kapfenberg,AT,276.6,15.5,11.5,15.5,,,,,7.3,246.3,groundwater;long_distance,very hard,2026,Stadtwerke Kapfenberg,https://www.stadtwerke-kapfenberg.at/files/SWK_Layout/PDFs/Wasser/Wasserbefunde%20Brunnen%20Hafendorf-0826.pdf,13.8,13.8,,,2026,https://www.stadtwerke-kapfenberg.at/files/SWK_Layout/PDFs/Wasser/Wasserbefunde%20Brunnen%20Hafendorf-0826.pdf
Klagenfurt,Klagenfurt,AT,,,13.8,18.0,,,,,7.4,,groundwater,varies by supply zone,2026,Stadtwerke Klagenfurt,https://www.stw.at/privat/wasser/wasserqualitaet/,10.8,16.0,,,2026,https://www.stw.at/wp-content/uploads/2026/06/gutachten_w-202611780.pdf
Kufstein,Kufstein,AT,,,6.6,9.0,,,3.3,,7.8,,spring,varies by supply zone,2026,Stadtwerke Kufstein,https://www.stwk.at/fileadmin/Stadtwerke/Downloads/Wasser_und_Abwasser/2026-04_STWK_Pr%C3%BCfbericht-TB-F%C3%BCrh%C3%B6lzl-Hofinger-Quelle.pdf,5.7,8.1,,,2026,https://www.stwk.at/fileadmin/Stadtwerke/Downloads/Wasser_und_Abwasser/2026-04_STWK_Pr%C3%BCfbericht-TB-F%C3%BCrh%C3%B6lzl-Hofinger-Quelle.pdf
Leoben,Leoben,AT,,,5.3,18.0,,,,,7.5,,groundwater,varies by supply zone,2026,Stadtwerke Leoben,https://www.stadtwerke-leoben.at/wp-content/uploads/2026/07/wasserbericht-april-26.pdf,4.0,13.8,,,2026,https://www.stadtwerke-leoben.at/wp-content/uploads/2026/07/wasserbericht-april-26.pdf
Linz,Linz,AT,,,13.0,19.1,,,,,6.8,,,varies by supply zone,2026,LINZ AG,https://www.linzag.at/media/dokumente/wasser_2/trinkwasseruntersuchungen/wasserguete-juli-august-2026.pdf,11.7,17.1,,,2026,https://www.linzag.at/media/dokumente/wasser_2/trinkwasseruntersuchungen/wasserguete-juli-august-2026.pdf
Mödling,Mödling,AT,340.9,19.1,,,,,15.0,,7.6,257.0,groundwater;spring,very hard,2026,Stadtgemeinde Mödling,https://www.moedling.at/system/web/getDocument.ashx?cts=1774000779&fileid=3647464,14.4,14.4,,,2026,https://www.moedling.at/system/web/getDocument.ashx?cts=1774000779&fileid=3647464
Salzburg,Salzburg,AT,,,9.4,18.0,51.7,13.1,,,7.7,,spring,varies by supply zone,2026,Salzburg AG,https://www.salzburg-ag.at/content/dam/web18/dokumente/waerme_wasser/Wasseranalysen.pdf,9.0,17.2,,,2026,https://www.salzburg-ag.at/content/dam/web18/dokumente/waerme_wasser/Wasseranalysen.pdf
Steyr,Steyr,AT,308.8,17.3,,,,,,,7.4,267.7,groundwater,very hard,2025,Stadtbetriebe Steyr,https://ftp2.stadtbetriebe.at/wasser/Wasseruntersuchungsergebnisse_2025.pdf,15.0,15.0,,,2025,https://ftp2.stadtbetriebe.at/wasser/Wasseruntersuchungsergebnisse_2025.pdf
Wien,Vienna,AT,,,6.0,20.0,,,,,7.7,,spring;groundwater,varies by supply zone,2026,Wiener Wasser (MA 31),https://www.wien.gv.at/umwelt/trinkwasserqualitaet-aktuelle-werte,6.4,13.6,,,2026,https://www.wien.gv.at/umwelt/trinkwasserqualitaet-aktuelle-werte
Villach,Villach,AT,,,10.1,15.0,,,,,8.0,,spring,varies by supply zone,2026,"Stadt Villach, Wasserwerk",https://villach.at/getmedia/d36ffe1b-e3c9-43d6-b9c5-0015041990a7/26-02-17_EST_0003-Voll_1.pdf.aspx,9.8,13.0,,,2026,https://villach.at/getmedia/d36ffe1b-e3c9-43d6-b9c5-0015041990a7/26-02-17_EST_0003-Voll_1.pdf.aspx
Wels,Wels,AT,171.3,9.6,9.6,9.7,,,,,7.7,168.5,,hard,2026,eww ag,https://www.eww.at/fileadmin/user_upload/downloads/wasser/infomaterial/Agrolab-Pruefbefund-eww-Wasser.pdf,9.4,9.6,,,2026,https://www.eww.at/fileadmin/user_upload/downloads/wasser/infomaterial/Agrolab-Pruefbefund-eww-Wasser.pdf
Wiener Neustadt,Wiener Neustadt,AT,,,14.5,20.5,,,,,7.6,,,varies by supply zone,2026,"Stadt Wiener Neustadt, Wasserwerk",https://www.wiener-neustadt.at/files/drive/wrn/content/service/umwelt-abfall/Wasserwerk/a4_wasserwerte_hp_2026.pdf,11.7,15.1,,,2026,https://www.wiener-neustadt.at/files/drive/wrn/content/service/umwelt-abfall/Wasserwerk/a4_wasserwerte_hp_2026.pdf
Baden,Baden,CH,,,11.9,19.7,95.0,19.0,16.0,,7.4,,spring;groundwater,varies by supply zone,2025,Regionalwerke AG Baden,https://www.regionalwerke.ch/privat-geschaeftskunden/angebot/wasser,,,10.6,17.9,,https://www.regionalwerke.ch/fileadmin/dok/angbote/rwb_Wasserqualitaet_2025_BadenEnnetbadenTugiDaettwilRuetihof.pdf
Basel,Basel,CH,,,9.7,10.1,,,,,7.7,,river_bank;groundwater,varies by supply zone,2025,IWB,https://www.iwb.ch/klimadreh/ratgeber/sauberes-trinkwasser/welche-bestandteile-sind-im-trinkwasser,8.4,8.5,,,2025,https://www.iwb.ch/klimadreh/ratgeber/sauberes-trinkwasser/welche-bestandteile-sind-im-trinkwasser
Bern,Bern,CH,,,11.2,11.7,,,4.3,3.4,7.6,,groundwater,varies by supply zone,2021,Energie Wasser Bern (ewb),https://ewb.ch/media/docs/pdf/diverses/trinkwasseranalysen-2021-2025.pdf,9.7,11.2,,,2021,https://ewb.ch/media/docs/pdf/diverses/trinkwasseranalysen-2021-2025.pdf
Biel,Biel,CH,117.0,6.6,5.6,9.8,40.7,4.51,4.5,5.33,7.65,,lake,moderately hard,2025,Energie Service Biel/Bienne,https://trinkwasser.ch/de/versorger/735/energie-service-biel-esb/3240/default,,,5.6,5.6,,https://trinkwasser.ch/de/versorger/735/energie-service-biel-esb/3240/default
Fribourg,Fribourg,CH,280.0,15.7,15.1,16.8,85.0,18.0,9.0,7.0,,,groundwater;spring,very hard,2025,SINEF SA,https://trinkwasser.ch/de/versorger/1042/sinef-sa/3598/default,,,15.1,15.1,,https://trinkwasser.ch/de/versorger/1042/sinef-sa/3598/default
Genf,Geneva,CH,,,7.6,12.6,43.9,5.9,,9.4,8.16,,lake,varies by supply zone,2025,SIG (Services industriels de Genève),https://media.sig-ge.ch/documents/particuliers/eau/analyses_generales_eau_zone_1.pdf,5.3,12.0,,,2025,https://media.sig-ge.ch/documents/particuliers/eau/analyses_generales_eau_zone_1.pdf
Lausanne,Lausanne,CH,,,7.7,11.4,,,,,,,lake;spring,varies by supply zone,2025,"Ville de Lausanne, eauservice",https://www.lausanne.ch/vie-pratique/energies-et-eau/eau/qualite/reservoir-recherche.html,5.5,10.8,,,2025,https://www.lausanne.ch/vie-pratique/energies-et-eau/eau/qualite/reservoir-recherche.html
Luzern,Lucerne,CH,,,6.6,15.5,,,,,7.8,,lake;spring;groundwater,varies by supply zone,,ewl energie wasser luzern,https://www.ewl-luzern.ch/wasser/wasserqualitaet,5.8,15.0,,,,
Lugano,Lugano,CH,,,2.8,10.6,,,4.8,4.2,7.9,,spring;groundwater;lake,varies by supply zone,2026,Aziende Industriali di Lugano (AIL SA),https://www.cca-lab.ch/etichettatura-acqua-distribuita/,2.8,10.0,,,2026,https://www.cca-lab.ch/etichettatura-acqua-distribuita/
Neuchatel,Neuchatel,CH,189.0,10.6,8.3,13.2,61.3,6.7,5.9,3.3,7.8,190.8,spring;lake,very hard,2025,Viteos SA,https://www.viteos.ch/wp-content/uploads/O_Qualite_2025_Ne.pdf,10.7,10.7,,,2024,https://www.viteos.ch/wp-content/uploads/2024_Oqualite_VdN.pdf
Riehen,Riehen,CH,,,8.6,11.4,,,,,,,spring,very hard,2025,IWB,https://www.iwb.ch/dam/jcr:806e00b9-5595-4623-b696-28b655adf19b/2025_trinkwasserqualitaetsdaten_iwb_hardwasser.pdf,7.5,9.3,,,2025,https://www.iwb.ch/dam/jcr:806e00b9-5595-4623-b696-28b655adf19b/2025_trinkwasserqualitaetsdaten_iwb_hardwasser.pdf
Sion,Sion,CH,,,12.1,16.4,70.0,16.6,3.85,8.6,7.9,,,varies by supply zone,2024,Oiken SA,https://trinkwasser.ch/de/versorger/782/oiken-sa/2639/default,,,,,,
St. Gallen,St. Gallen,CH,168.0,9.4,9.2,9.6,51.0,8.0,4.0,6.0,8.02,128.0,lake,hard,2022,St.Galler Stadtwerke,https://www.sgsw.ch/content/dam/dokument_library/sgsw-onlinewelt/downloads1/publikationen/Trinkwasserqualit%C3%A4t.pdf,7.0,7.3,,,2022,https://www.sgsw.ch/content/dam/dokument_library/sgsw-onlinewelt/downloads1/publikationen/Trinkwasserqualit%C3%A4t.pdf
Thal,Thal,CH,165.0,9.2,,,51.0,9.0,4.0,,8.03,,lake,hard,2025,Technische Betriebe Thal,https://www.thal.ch/uploads/698aff90bf53768d1c3574df/-/Information%20zur%20Trinkwasserqualit%C3%A4t%202025.pdf,,,,,,
Winterthur,Winterthur,CH,271.0,15.2,14.3,15.7,75.8,19.8,6.4,5.8,7.5,266.9,groundwater;spring,very hard,2025,Stadtwerk Winterthur,https://trinkwasser.ch/de/versorger/792/stadtwerk-winterthur/3438/default,14.1,15.4,,,2025,https://trinkwasser.ch/de/versorger/792/stadtwerk-winterthur/3438/default
Zug,Zug,CH,248.0,13.9,11.8,15.2,76.5,14.1,8.3,10.1,7.48,,spring;groundwater,very hard,2025,WWZ AG,https://trinkwasser.ch/de/versorger/635/wwz-ag/3227/default,,,13.4,13.4,,https://trinkwasser.ch/de/versorger/635/wwz-ag/3227/default
Zürich,Zurich,CH,158.0,8.9,7.7,10.7,,,,,7.85,148.0,lake;spring;groundwater,hard,2025,Wasserversorgung Zurich (Stadt Zurich),https://www.stadt-zuerich.ch/content/dam/web/de/umwelt-energie/wasser/dokumente/2025_Trinkwasserqualitaet.pdf,7.1,10.2,,,2025,
Aachen,Aachen,DE,,,3.0,14.0,,,,,,,,varies by supply zone,2025,STAWAG,https://www.stawag.de/fileadmin/stawag/content/Dokumente/Wasser/Trinkwasseranalyse_Aachen_2024.pdf,2.4,6.0,,,2025,https://www.stawag.de/fileadmin/stawag/content/Dokumente/Wasser/Trinkwasseranalyse_Aachen_2024.pdf
Arnsberg,Arnsberg,DE,128.5,7.2,,,,,,,,101.7,river_bank,,2025,Wasserwerke Westfalen,https://www.wasserwerke-westfalen.de/wasser/trinkwasserqualitaet/trinkwasseranalyse,5.7,5.7,,,2025,https://www.wasserwerke-westfalen.de/wasser/trinkwasserqualitaet/trinkwasseranalyse
Augsburg,Augsburg,DE,228.5,12.8,,,,,10.0,,7.58,208.0,,very hard,2025,Stadtwerke Augsburg,https://www.sw-augsburg.de/wasser/wasserqualitaet,11.7,11.7,,,2026,https://www.sw-augsburg.de/fileadmin/content/6_pdf_Downloadcenter/2_Wasser/Qualitaet/swa_26_Trinkwasseranalyse.pdf
Bergisch Gladbach,Bergisch Gladbach,DE,228.5,12.8,,,69.0,14.0,19.0,24.0,7.59,149.9,groundwater,very hard,2025,BELKAW,https://www.belkaw.de/trinkwasseranalyse-belkaw-2026.pdfx,8.4,8.4,,,2026,https://www.belkaw.de/trinkwasseranalyse-belkaw-2026.pdfx
Berlin,Berlin,DE,,,10.3,25.7,,,,,7.5,,groundwater,varies by supply zone,2024,Berliner Wasserbetriebe,https://www.bwb.de/de/analysedaten-nach-postleitzahlen.php,9.0,15.7,,,2024,https://www.bwb.de/de/analysedaten-nach-postleitzahlen.php
Bielefeld,Bielefeld,DE,,,4.3,17.1,,,,,7.13,,,varies by supply zone,2025,Stadtwerke Bielefeld,https://www.stadtwerke-bielefeld.de/privatkunden/wasser/trinkwasser/wasserversorgung/,3.9,15.0,,,2025,https://www.stadtwerke-bielefeld.de/privatkunden/wasser/trinkwasser/wasserversorgung/
Bochum,Bochum,DE,,,7.3,7.6,41.0,6.9,8.9,27.0,8.08,,,varies by supply zone,2026,Stadtwerke Bochum,https://www.stadtwerke-bochum.de/privatkunden/produkte/wasser/wasserqualitaet,5.4,5.5,,,2026,https://www.stadtwerke-bochum.de/fileadmin/Dateien/PDF/Sonstiges/Wasser/Trinkwasseranalyse_Bochum_ohne_Langendreer_und_Werne.pdf
Bonn,Bonn,DE,,,4.7,6.2,,,9.0,9.8,8.0,,reservoir,soft,2025,SWB Energie und Wasser,https://www.stadtwerke-bonn.de/fileadmin/download-center/PDFs/Wasser/Wasseranalyse_2025.pdf,2.7,3.9,,,2025,https://www.stadtwerke-bonn.de/fileadmin/download-center/PDFs/Wasser/Wasseranalyse_2025.pdf
Bottrop,Bottrop,DE,,,5.7,14.1,,,,,,,groundwater,varies by supply zone,2025,RWW Rheinisch-Westfälische Wasserwerksgesellschaft,https://www.rww.de/trinkwasser/wasserqualitaet/trinkwasseranalysen,4.7,9.4,,,2025,https://www.rww.de/trinkwasser/wasserqualitaet/trinkwasseranalysen
Braunschweig,Braunschweig,DE,149.9,8.4,,,49.0,6.7,7.1,22.9,7.97,73.2,reservoir;groundwater,hard,2026,BS|ENERGY,https://www.bs-energy.de/fileadmin/BSEnergy/Main_Menu/Privatkunden/Wasser/Wasseranalysen/Trinkwasser_Vollanalyse_2026.pdf,4.1,4.1,,,2026,https://www.bs-energy.de/fileadmin/BSEnergy/Main_Menu/Privatkunden/Wasser/Wasseranalysen/Trinkwasser_Vollanalyse_2026.pdf
Bremen,Bremen,DE,,,6.3,13.5,,,,,7.9,,,varies by supply zone,2026,swb,https://www.swb.de/-/media/files/wasser/trinkwasser-analyse-bremen.pdf,4.2,10.9,,,2026,https://www.swb.de/-/media/files/wasser/trinkwasser-analyse-bremen.pdf
Bremerhaven,Bremerhaven,DE,,,9.0,11.4,,,,,,,groundwater,varies by supply zone,2026,swb,https://www.swb.de/-/media/files/wasser/trinkwasser-analyse-bremerhaven.pdf,6.7,10.1,,,2026,https://www.swb.de/-/media/files/wasser/trinkwasser-analyse-bremerhaven.pdf
Castrop-Rauxel,Castrop-Rauxel,DE,130.3,7.3,,,,,,,,98.2,river_bank,,2025,Wasserwerke Westfalen,https://www.wasserwerke-westfalen.de/wasser/trinkwasserqualitaet/trinkwasseranalyse,5.5,5.5,,,2025,https://www.wasserwerke-westfalen.de/wasser/trinkwasserqualitaet/trinkwasseranalyse
Chemnitz,Chemnitz,DE,,,3.9,5.3,,,,,8.1,,long_distance,varies by supply zone,2025,Südsachsen Wasser / eins energie in sachsen,https://www.eins.de/privatkunden/wasser/trinkwasseranalyse,1.9,3.4,,,2025,https://www.eins.de/privatkunden/wasser/trinkwasseranalyse
Köln,Cologne,DE,,,15.6,18.1,,,22.0,35.0,7.3,230.2,,varies by supply zone,2025,RheinEnergie,https://web.cdn.rheinenergie.com/cms/media/documents/trinkwasseranalyse/Trinkwasseranalyse_Linksrheinisch.pdf,12.9,12.9,,,2026,https://web.cdn.rheinenergie.com/cms/media/documents/trinkwasseranalyse/Trinkwasseranalyse_Linksrheinisch.pdf
Cottbus,Cottbus,DE,,,14.0,17.0,93.5,11.9,1.5,14.0,7.54,,groundwater,varies by supply zone,2026,LWG Lausitzer Wasser,https://lausitzer-wasser.de/de/trinkwasser/wasserqualitaet.html,6.4,9.0,,,2026,https://lausitzer-wasser.de/de/trinkwasser/wasserqualitaet.html
Darmstadt,Darmstadt,DE,,,18.4,19.5,101.8,17.6,,,7.5,,,very hard,2025,ENTEGA,https://www.entega.ag/fileadmin/downloads/vertrieb/trinkwasser_darmstadt.pdf,11.9,12.3,,,2025,https://www.entega.ag/fileadmin/downloads/vertrieb/trinkwasser_darmstadt.pdf
Dortmund,Dortmund,DE,,,7.3,8.2,,,,,7.9,,river_bank;groundwater,varies by supply zone,2025,Wasserwerke Westfalen,https://www.wasserwerke-westfalen.de/wasser/trinkwasserqualitaet/trinkwasseranalyse,5.5,6.5,,,2025,https://www.wasserwerke-westfalen.de/wasser/trinkwasserqualitaet/trinkwasseranalyse
Dresden,Dresden,DE,,,5.6,12.3,,,,,8.14,,reservoir;river_bank;groundwater,varies by supply zone,2025,SachsenEnergie,https://www.sachsenenergie.de/wps/portal/energie/cms/menu_main/privatkunden/wasser/gut-zu-wissen/trinkwasserqualitaet,2.9,6.5,,,2025,https://www.sachsenenergie.de/wps/wcm/connect/energie/9c1ef089-a1fe-44b4-87bd-2e9023818c25/Analysedaten-Coschuetz-Hosterwitz-Tolkewitz.pdf?MOD=AJPERES
Duisburg,Duisburg,DE,,,10.0,20.0,,,,,7.2,,,varies by supply zone,2025,Stadtwerke Duisburg,https://www.stadtwerke-duisburg.de/privatkunden/themen/trinkwasser-fuer-duisburg,8.4,13.0,,,2025,https://www.stadtwerke-duisburg.de/privatkunden/themen/trinkwasser-fuer-duisburg
Düsseldorf,Dusseldorf,DE,267.7,15.0,,,,,,,7.5,179.9,,very hard,2026,Stadtwerke Düsseldorf,https://www.swd-ag.de/privatkunden/trinkwasser/trinkwasseranalyse,10.1,10.1,,,2026,https://www.swd-ag.de/privatkunden/trinkwasser/trinkwasseranalyse
Erfurt,Erfurt,DE,,,3.2,26.4,,,,,7.9,,long_distance;groundwater,varies by supply zone,,SWE Energie / ThüWa ThüringenWasser,https://www.swe-energie.de/energie/home/themenwelt/erfurter-wasser,3.3,12.3,,,,
Erlangen,Erlangen,DE,,,9.8,15.3,,,,,7.68,,,varies by supply zone,2026,Erlanger Stadtwerke (ESTW),https://www.estw.de/de/Energie-Wasser/Wasser/Trinkwasserqualitaet/Wasserhaerte-in-Grenzen/Wasserhaerte-in-Grenzen.html,9.1,13.3,,,2025,https://www.estw.de/de/Energie-Wasser/Wasser/Trinkwasserqualitaet/Wasserhaerte-in-Grenzen/Wasserhaerte-in-Grenzen.html
Essen,Essen,DE,137.4,7.7,,,42.0,7.9,9.2,41.0,7.9,110.7,,hard,2025,Stadtwerke Essen,https://www.stadtwerke-essen.de/fileadmin/user_upload/pdf/netz/2025_00-0350_SWE.pdf,6.2,6.2,,,2026,https://www.stadtwerke-essen.de/fileadmin/user_upload/pdf/netz/2025_00-0350_SWE.pdf
Frankfurt am Main,Frankfurt am Main,DE,,,4.0,20.4,,,,,,,,varies by supply zone,2025,Mainova / Hessenwasser,https://www.mainova.de/de/wissenswertes/ratgeber/wasserqualitaet-und-wasserhaerte-mainova-trinkwasser,2.9,14.5,,,2025,https://www.mainova.de/de/wtrhrd/download/RI.pdf
Freiburg im Breisgau,Freiburg im Breisgau,DE,,,2.3,13.0,,,,,7.71,,,varies by supply zone,2026,badenova,https://www.badenova.de/privatkunden/wasser/wasserversorgung-in-freiburg,2.4,9.9,,,2026,https://www.badenova.de/privatkunden/wasser/wasserversorgung-in-freiburg
Fürth,Fürth,DE,,,14.7,16.7,,,,,,228.4,,varies by supply zone,,infra fürth,https://www.infra-fuerth.de/privatkunden/produkte/trinkwasser/wasser-qualitaet,12.8,12.8,,,2026,https://www.oberasbach.de/fileadmin/Gemeinde/Buergerservice_und_Politik/Ver-_und_Entsorgung/20260910_Trinkwasserbeschaffenheit.pdf
Gelsenkirchen,Gelsenkirchen,DE,201.7,11.3,7.7,11.3,73.0,4.8,11.6,19.0,7.55,149.9,,very hard,2025,Gelsenwasser,https://www.gelsenwasser.de/wasser/wasserhaerte/gelsenkirchen,8.4,8.4,,,2025,https://www.gelsenwasser.de/wasser/wasserhaerte/gelsenkirchen
Göttingen,Göttingen,DE,,,6.6,7.3,34.9,7.36,9.3,6.2,7.6,87.0,reservoir;long_distance;groundwater,varies by supply zone,2025,Stadtwerke Göttingen,https://www.stadtwerke-goettingen.de/produkte/trinkwasser/trinkwasserqualitaet/,4.9,4.9,,,2025,https://www.stadtwerke-goettingen.de/produkte/trinkwasser/trinkwasserqualitaet/
Hagen,Hagen,DE,,,4.2,7.2,,,,,,108.9,river_bank;reservoir,varies by supply zone,2025,Mark-E (ENERVIE),https://a.storyblok.com/f/320707/x/21b19e87e2/trinkwasseranalyse-jahresmittelwerte-wasserwerk-hengstey-2025.pdf,6.1,6.1,,,2026,https://a.storyblok.com/f/320707/x/21b19e87e2/trinkwasseranalyse-jahresmittelwerte-wasserwerk-hengstey-2025.pdf
Halle (Saale),Halle (Saale),DE,75.5,4.2,3.2,4.8,24.22,3.28,8.78,7.67,8.41,46.2,reservoir;long_distance,moderately hard,2026,Hallesche Wasser und Stadtwirtschaft (HWS),https://hws-halle.de/produkte-dienstleistungen/trink-abwasser/trinkwasser/qualitaet,2.3,2.9,,,2026,https://hws-halle.de/sixcms/media.php/236/2025_Mittelwertanalyse.pdf
Hamburg,Hamburg,DE,,,5.1,18.3,,,,,,,,varies by supply zone,2025,HAMBURG WASSER,https://www.hamburgwasser.de/fileadmin/Redakteur/Downloads/Labor/Informationen-ueber-die-Beschaffenheit-des-Trinkwassers.pdf,4.5,13.4,,,2025,https://www.hamburgwasser.de/wasser/detailanalysen-wasserwerke/stellingen
Hamm,Hamm,DE,,,7.2,8.3,,,,,,,river_bank,varies by supply zone,2025,Energie- und Wasserversorgung Hamm (EWV),https://www.stadtwerke-hamm.de/fileadmin/user-storage/EWV/Wasser/Jahrestrinkwasseranalyse_2025.pdf,5.7,6.5,,,2025,https://www.wasserwerke-westfalen.de/wasser/trinkwasserqualitaet/trinkwasseranalyse
Hannover,Hanover,DE,214.2,12.0,8.6,13.0,76.0,5.8,,,7.8,114.2,,very hard,2025,enercity,https://www.enercity.de/assets/cms/enercity-de/Privatkunden/Produkte/Wasser/Downloads/Qualitaet/Trinkwasseranalyse-enercity.pdf,5.9,8.0,,,2025,https://www.enercity.de/assets/cms/enercity-de/Privatkunden/Produkte/Wasser/Downloads/Qualitaet/Trinkwasseranalyse-enercity.pdf
Heidelberg,Heidelberg,DE,,,2.7,21.1,,,,,,,groundwater,varies by supply zone,2026,Stadtwerke Heidelberg Netze,https://www.swhd.de/de/Hauptnavigation/Privatkunden/Wasser/Trinkwasser-in-Heidelberg_344228.html,1.3,18.2,,,2026,https://www.swhd.de/de/Hauptnavigation/Privatkunden/Wasser/Wasseranalyse/Hartwasser-noerdlich-des-Neckars.pdf
Heilbronn,Heilbronn,DE,,,9.0,18.0,,,,,8.0,,,varies by supply zone,2025,Stadtwerke Heilbronn,https://www.stadtwerke-heilbronn.de/swh/wasserversorgung/wasserhaerte.php,7.3,11.5,,,2025,https://www.stadtwerke-heilbronn.de/swh/wasserversorgung/wasserhaerte.php
Herne,Herne,DE,,,7.3,11.3,,,,,,,river_bank;groundwater,varies by supply zone,2025,Stadtwerke Herne,https://www.stadtwerke-herne.de/privatkunden/wasser/trinkwasseranalyse,5.5,5.5,,,2025,https://www.wasserwerke-westfalen.de/wasser/trinkwasserqualitaet/trinkwasseranalyse
Hildesheim,Hildesheim,DE,,,1.8,3.0,,,,,9.12,,reservoir,varies by supply zone,2025,EVI Energieversorgung Hildesheim,https://www.evi-hildesheim.de/evi/Produkte-fuer-Privatkunden/Wasser/Trinkwasseranalyse/,1.2,2.0,,,2025,https://www.evi-hildesheim.de/evi/Produkte-fuer-Privatkunden/Wasser/Trinkwasseranalyse/
Ingolstadt,Ingolstadt,DE,371.2,20.8,,,89.0,36.0,,3.4,7.4,320.6,,very hard,2026,Ingolstädter Kommunalbetriebe (INKB),https://www.in-kb.de/Wasser/Trinkwasser/Qualit%C3%A4t/,18.0,18.0,,,2026,https://www.in-kb.de/Wasser/Trinkwasser/Qualit%C3%A4t/
Iserlohn,Iserlohn,DE,146.4,8.2,,,,,,,,110.7,river_bank,,2025,Wasserwerke Westfalen,https://www.wasserwerke-westfalen.de/wasser/trinkwasserqualitaet/trinkwasseranalyse,6.2,6.2,,,2025,https://www.wasserwerke-westfalen.de/wasser/trinkwasserqualitaet/trinkwasseranalyse
Jena,Jena,DE,,,3.2,30.2,,,,,7.5,,long_distance,varies by supply zone,2025,JenaWasser,https://www.jenawasser.de/fileadmin/inhalte/3_Trinkwasser/2025_Trinkwasserbeschaffenheit_alle_mit_Mibi.pdf,3.3,16.6,,,2025,https://www.jenawasser.de/fileadmin/inhalte/3_Trinkwasser/2025_Trinkwasserbeschaffenheit_alle_mit_Mibi.pdf
Kaiserslautern,Kaiserslautern,DE,,,4.1,5.5,,,,,8.13,,groundwater,varies by supply zone,2026,SWK Stadtwerke Kaiserslautern,https://www.swk-kl.de/wasser/wasserqualitaet,3.8,4.8,,,2026,https://www.swk-kl.de/wasser/wasserqualitaet
Karlsruhe,Karlsruhe,DE,326.6,18.3,,,114.2,10.2,3.6,12.7,7.22,273.8,groundwater,very hard,2025,Stadtwerke Karlsruhe,https://www.stadtwerke-karlsruhe.de/wMedia/docs/service/infomaterial/produkte/Trinkwasser-Jahresmittelwerte-KA.pdf,15.3,15.3,,,2026,https://www.stadtwerke-karlsruhe.de/wMedia/docs/service/infomaterial/produkte/Trinkwasser-Jahresmittelwerte-KA.pdf
Kassel,Kassel,DE,,,5.1,15.0,,,,,7.9,,,varies by supply zone,2026,KASSELWASSER,https://kasselwasser.de/trinkwasser/unser-wasser/wasserhaerte,,,4.0,10.5,,https://kasselwasser.de/trinkwasser/unser-wasser/wasserhaerte
Kiel,Kiel,DE,,,11.4,19.2,,,,,7.63,,groundwater,varies by supply zone,2026,Stadtwerke Kiel,https://www.stadtwerke-kiel.de/wasser/qualitaet,11.4,16.9,,,2026,https://www.stadtwerke-kiel.de/wasser/qualitaet
Koblenz,Koblenz,DE,,,,,,,,,,,,mittel / hart,2024,Vereinigte Wasserwerke Mittelrhein (evm),https://www.evm.de/privatkunden/rund-ums-haus/wasser/,,,,,,
Krefeld,Krefeld,DE,,,12.4,13.6,,,,,7.7,,groundwater,varies by supply zone,2025,SWK Stadtwerke Krefeld,https://cdn.swk.de/assets/download/NGN_Trinkwasser_Analyse_2025-neu-1.pdf,6.1,7.1,,,2025,https://cdn.swk.de/assets/download/NGN_Trinkwasser_Analyse_2025-neu-1.pdf
Leipzig,Leipzig,DE,,,8.0,17.5,,,,,7.7,,reservoir;long_distance,varies by supply zone,2025,Leipziger Wasserwerke,https://files.l.de/lde-typo3/Leipziger/Wasserwerke/Download-Center/Flyer_und_Broschueren/Wasserwerke-Jahresdurchschnittsanalyse-2025.pdf,3.0,4.8,,,2025,https://files.l.de/lde-typo3/Leipziger/Wasserwerke/Download-Center/Flyer_und_Broschueren/Wasserwerke-Jahresdurchschnittsanalyse-2025.pdf
Leverkusen,Leverkusen,DE,,,5.3,11.4,31.9,3.5,9.0,5.2,7.95,,reservoir,varies by supply zone,2026,Energieversorgung Leverkusen (EVL),https://evl-leverkusen.de/trinkwasser/,7.7,7.7,,,2026,https://evl-leverkusen.de/wp-content/uploads/2026/09/Wasseranalyse-2026-Currenta-Hitdorf.pdf
Ludwigshafen am Rhein,Ludwigshafen am Rhein,DE,,,9.9,13.4,,,,,7.11,,,varies by supply zone,2026,Technische Werke Ludwigshafen (TWL),https://www.twl.de/fileadmin/user_upload/twl/00_Content/01_Privatkunden/01_Meine_Energie/04_Wasser/Trinkwasseranalyse_Januar_2026_f%C3%BCr_Homepage_TWL.pdf,10.7,14.5,,,2023,https://www.twl.de/fileadmin/user_upload/twl/00_Content/01_Privatkunden/01_Meine_Energie/04_Wasser/01_Trinkwasser/230609Zj_Trinkwasseranalyse_fuer_Internet_Jahresmittel_2023.pdf
Lübeck,Lübeck,DE,,,11.1,16.3,,,,,,,,varies by supply zone,2026,Stadtwerke Lübeck,https://www.swhl.de/downloads/trinkwasserqualitaet-luebeck/,10.5,15.0,,,2026,https://a.swhl.de/f/187280/x/255b4d482c/2608-014_swl-trinkwasserqualitat-lubeck-2026_w1_bf.pdf?cv=1789999185619
Lünen,Lünen,DE,139.2,7.8,,,,,,,,116.0,river_bank,,2025,Wasserwerke Westfalen,https://www.wasserwerke-westfalen.de/wasser/trinkwasserqualitaet/trinkwasseranalyse,6.5,6.5,,,2025,https://www.wasserwerke-westfalen.de/wasser/trinkwasserqualitaet/trinkwasseranalyse
Magdeburg,Magdeburg,DE,255.2,14.3,,,91.5,6.6,2.7,,7.55,137.4,groundwater,very hard,2025,SWM Magdeburg,https://www.sw-magdeburg.de/privatkunden/produkte/trinkwasser/qualitaet,7.7,7.7,,,2026,https://www.sw-magdeburg.de/privatkunden/produkte/trinkwasser/qualitaet
Mainz,Mainz,DE,,,12.6,25.1,,,,,7.3,,,varies by supply zone,2026,Mainzer Netze,https://www.mainzer-netze.de/-/media/project/mainzer-stadtwerke/websites-mainzer-netze/mainzer-netze/dateien/ordnerstruktur-clean/g_s_w_weitere-infos/wasser/trinkwasserqualitaet/w_analysewerte-trinkwasser.pdf,9.6,14.4,,,2026,https://www.mainzer-netze.de/-/media/project/mainzer-stadtwerke/websites-mainzer-netze/mainzer-netze/dateien/ordnerstruktur-clean/g_s_w_weitere-infos/wasser/trinkwasserqualitaet/w_analysewerte-trinkwasser.pdf
Mannheim,Mannheim,DE,,,19.7,20.9,,,16.0,,7.32,,groundwater,varies by supply zone,2024,MVV Energie,https://www.mvv.de/fileadmin/user_upload_pk_gewk/pdf/Wasser/wasserqualitaet-kaefertal.pdf,15.2,16.7,,,2024,https://www.mvv.de/fileadmin/user_upload_pk_gewk/pdf/Wasser/wasserqualitaet-kaefertal.pdf
Moers,Moers,DE,235.6,13.2,,,74.3,12.3,16.6,19.1,7.74,134.4,groundwater,very hard,2026,ENNI Energie & Umwelt Niederrhein,https://www.enni.de/energie-und-wasser/wasser/trinkwasser/,7.5,7.5,,,2026,https://www.enni.de/fileadmin/documents/1_Privatkunden/1-Energie-und-Wasser/3-Wasser/Trinkwasser/wasseranalyse-Juni-2026.pdf
München,Munich,DE,282.0,15.8,13.9,17.9,78.0,20.9,6.5,5.9,7.56,273.1,spring;groundwater,very hard,2026,Stadtwerke München,https://www.swm.de/dam/doc/wasser/trinkwasser-analysewerte.pdf,12.2,17.4,,,2026,https://www.swm.de/dam/doc/wasser/trinkwasser-analysewerte.pdf
Münster,Munster,DE,,,11.0,16.9,,,,,7.4,,groundwater,varies by supply zone,2025,Stadtwerke Münster,https://www.stadtwerke-muenster.de/Stadtwerke/Dokumente/Trinkwasser/Trinkwasseranalytik.pdf,8.5,12.6,,,2025,https://www.stadtwerke-muenster.de/Stadtwerke/Dokumente/Trinkwasser/Trinkwasseranalytik.pdf
Mönchengladbach,Mönchengladbach,DE,,,12.1,14.9,,,,,7.87,,,varies by supply zone,2026,NEW,https://trinkwasseranalyse.new.de/,3.0,10.2,,,2026,https://trinkwasseranalyse.new.de/
Mülheim (Ruhr),Mülheim (Ruhr),DE,,,5.7,10.7,,,,,7.78,129.9,river_bank,varies by supply zone,2025,RWW Rheinisch-Westfälische Wasserwerksgesellschaft,https://www.rww.de/fileadmin/assets/pdf/twa_bot_mh_med.pdf,4.7,9.4,,,2025,https://www.rww.de/fileadmin/assets/pdf/twa_bot_mh_med.pdf
Neuss,Neuss,DE,,,14.7,15.4,,,,,,,groundwater,varies by supply zone,2026,Stadtwerke Neuss Energie und Wasser,https://www.stadtwerke-neuss.de/sites/default/files/downloads/pdfs/Energie-Privatkunden/Wasser/Trinkwasseranalyse-2026.pdf,10.7,13.2,,,2026,https://www.stadtwerke-neuss.de/sites/default/files/downloads/pdfs/Energie-Privatkunden/Wasser/Trinkwasseranalyse-2026.pdf
Nürnberg,Nuremberg,DE,,,9.5,13.6,58.0,14.0,,,7.64,,groundwater;spring,varies by supply zone,2026,N-ERGIE,https://www.n-ergie.de/public/remotemedien/media/n_ergie/internet/privatkunden/produkte/wasser_1/neugestaltung_seite/Trinkwasser-Analysewerte.pdf,7.2,11.8,,,2026,https://www.n-ergie.de/public/remotemedien/media/n_ergie/internet/privatkunden/produkte/wasser_1/neugestaltung_seite/Trinkwasser-Analysewerte.pdf
Oberhausen,Oberhausen,DE,,,5.7,14.1,,,,,7.78,192.8,river_bank,varies by supply zone,2025,RWW Rheinisch-Westfälische Wasserwerksgesellschaft,https://www.rww.de/trinkwasser/wasserqualitaet/trinkwasseranalysen,10.8,10.8,,,2026,https://www.rww.de/fileadmin/assets/pdf/trinkwasseranalyse_beek.pdf
Offenbach,Offenbach,DE,,,10.5,12.9,,,,,,,,varies by supply zone,2026,Zweckverband Wasserversorgung Stadt und Kreis Offenbach (ZWO),https://www.zwo-wasser.de/files/VG7.pdf,5.5,6.2,,,2026,https://www.zwo-wasser.de/files/VG7.pdf
Oldenburg,Oldenburg,DE,,,6.6,12.0,,,,,7.4,,,varies by supply zone,2026,VWG Oldenburg / EWE NETZ,https://www.ewe-netz.de/privatkunden/trinkwasser/ol,4.9,7.7,,,2025,https://www.ewe-netz.de/privatkunden/trinkwasser/ol
Osnabrück,Osnabrück,DE,,,6.5,18.4,,,,,7.65,,groundwater,varies by supply zone,2026,Stadtwerke Osnabrück,https://karten.swo-netz.de/trinkwasserhaerte/,2.8,14.6,,,2026,https://www.stadtwerke-osnabrueck.de/trinkwasser/wasserqualitaet/analysen/thiene
Paderborn,Paderborn,DE,,,5.7,17.1,,,,,,,,varies by supply zone,2026,Stadtwerke Paderborn,https://www.stadtwerke-pb.de/app/uploads/2026/07/SWPB_Trinkwasseranalyse_02_2026_BF.pdf,3.7,13.6,,,2026,https://www.stadtwerke-pb.de/app/uploads/2026/07/SWPB_Trinkwasseranalyse_02_2026_BF.pdf
Pforzheim,Pforzheim,DE,,,7.3,15.0,,,,,7.99,,,varies by supply zone,2026,Stadtwerke Pforzheim (SWP),https://www.stadtwerke-pforzheim.de/trinkwasser/trinkwasserqualitaet-und-preise/,6.0,12.2,,,2026,https://www.stadtwerke-pforzheim.de/trinkwasser/trinkwasserqualitaet-und-preise/
Potsdam,Potsdam,DE,,,10.6,20.5,,,,,,,,varies by supply zone,2025,Energie und Wasser Potsdam,https://www.swp-potsdam.de/content/wasser/pdf_8/aktuelle_trinkwasseranalyse.pdf,6.9,13.5,,,2025,https://www.swp-potsdam.de/content/wasser/pdf_8/aktuelle_trinkwasseranalyse.pdf
Recklinghausen,Recklinghausen,DE,201.7,11.3,,,73.0,4.8,11.6,19.0,7.55,149.9,,very hard,2025,Gelsenwasser,https://www.gelsenwasser.de/wasser/wasserhaerte/recklinghausen,8.4,8.4,,,2025,https://www.gelsenwasser.de/wasser/wasserhaerte/recklinghausen
Regensburg,Regensburg,DE,301.7,16.9,,,96.0,15.0,30.0,11.0,7.4,219.9,groundwater,very hard,2025,REWAG,https://www.rewag.de/fileadmin/user_upload/Produkte_Dienstleistungen/Wasser/Herkunft_Qualitaet/Chemische_Analyse_Oktober_2025.pdf,12.3,12.3,,,2026,https://www.rewag.de/fileadmin/user_upload/Produkte_Dienstleistungen/Wasser/Herkunft_Qualitaet/Chemische_Analyse_Oktober_2025.pdf
Remscheid,Remscheid,DE,91.0,5.1,,,31.0,3.5,7.0,5.4,,73.2,reservoir,moderately hard,2025,EWR Remscheid,https://www.ewr-remscheid.de/app/uploads/EWR_Trinkwasseranalyse_2025.pdf,4.1,4.1,,,2026,https://www.ewr-remscheid.de/app/uploads/EWR_Trinkwasseranalyse_2025.pdf
Reutlingen,Reutlingen,DE,,,9.1,18.8,,,,,7.99,129.9,lake;spring,varies by supply zone,2026,FairEnergie,https://www.fairenergie.de/wasser/trinkwasser.html,7.3,7.3,,,2026,https://www.fairenergie.de/fileadmin/user_upload/pdf/privatkunden/Trinkwasseranalyse_Bodenseewasser.pdf
Rostock,Rostock,DE,253.9,14.2,,,83.6,11.0,2.06,43.1,7.7,196.4,,very hard,2026,Nordwasser,https://www.nordwasser.de/trinkwasser/versorgung/trinkwasseranalyse-ww-rostock-1,11.0,11.0,,,2026,https://www.nordwasser.de/trinkwasser/versorgung/trinkwasseranalyse-ww-rostock-1
Saarbrücken,Saarbrücken,DE,,,4.8,14.0,,,,,7.69,,,varies by supply zone,2026,Stadtwerke Saarbrücken,https://www.saarbruecker-stadtwerke.de/media/download-5ce2a5f92c7ee,2.4,11.4,,,2026,https://www.saarbruecker-stadtwerke.de/media/download-5ce2a5f92c7ee
Salzgitter,Salzgitter,DE,,,3.3,6.3,,,,,,,reservoir;groundwater,varies by supply zone,2026,WEVG Salzgitter,https://www.vftv.de/wevg/anang2.htm,1.9,3.3,,,2026,https://www.vftv.de/wevg/anang1.htm
Siegen,Siegen,DE,75.1,4.2,,,,,,,,61.0,reservoir,moderately hard,2026,"Wasserverband Siegen-Wittgenstein (WVS), via SVB Siegen",https://wvs.nrw/wp-content/uploads/2026/05/AB-Dreis-Tiefenbach-Rein-TVO23-ohne-PFAS-20260121_W25-5072-0003.pdf,3.4,3.4,,,2026,https://wvs.nrw/wp-content/uploads/2026/05/AB-Dreis-Tiefenbach-Rein-TVO23-ohne-PFAS-20260121_W25-5072-0003.pdf
Soest,Soest,DE,128.5,7.2,,,,,,,,101.7,river_bank,,2025,Wasserwerke Westfalen,https://www.wasserwerke-westfalen.de/wasser/trinkwasserqualitaet/trinkwasseranalyse,5.7,5.7,,,2025,https://www.wasserwerke-westfalen.de/wasser/trinkwasserqualitaet/trinkwasseranalyse
Solingen,Solingen,DE,,,4.7,11.0,,,,,7.94,,reservoir,varies by supply zone,2025,Stadtwerke Solingen,https://solingen.de/uploads/EBW_Verbraucherinformation_Trinkwasserqualitaet_97b417b487.pdf,3.6,4.2,,,2025,https://solingen.de/uploads/EBW_Verbraucherinformation_Trinkwasserqualitaet_97b417b487.pdf
Stuttgart,Stuttgart,DE,,,9.1,13.3,,,,,8.2,,lake;long_distance,varies by supply zone,2025,Netze BW Wasser,https://www.netze-bw.de/unsernetz/trinkwasserstuttgart,7.1,10.2,,,2025,https://api.wasserportal.info/api/public/qualitaet/trinkwasseranalyse/96b68377-3f94-44da-b57d-a51896cc9ff6
Trier,Trier,DE,,,4.7,11.0,,,,,7.93,,reservoir,varies by supply zone,2025,SWT Stadtwerke Trier,https://www.swt.de/seite/faq-trinkwasser,4.1,8.3,,,2026,https://www.swt.de/api/media/file/Bericht%20Wasserwerk%20Irsch%20vom%2001.12.2025.pdf
Ulm,Ulm,DE,,,13.4,15.7,,,,,7.6,,,varies by supply zone,2025,Stadtwerke Ulm/Neu-Ulm (SWU),https://www.swu.de/fileadmin/content/energie-wasser/wasser/SWU-Trinkwasser-Analysedaten-2026.pdf,10.2,14.1,,,2026,https://www.swu.de/fileadmin/content/energie-wasser/wasser/SWU-Trinkwasser-Analysedaten-2026.pdf
Unna,Unna,DE,,,7.2,7.8,,,,,,,river_bank,varies by supply zone,2025,Wasserwerke Westfalen,https://www.wasserwerke-westfalen.de/wasser/trinkwasserqualitaet/trinkwasseranalyse,5.7,6.5,,,2025,https://www.wasserwerke-westfalen.de/wasser/trinkwasserqualitaet/trinkwasseranalyse
Wiesbaden,Wiesbaden,DE,,,1.7,19.4,,,,,7.45,,spring;groundwater;river_bank,varies by supply zone,2025,Wasserversorgungsbetriebe der Landeshauptstadt Wiesbaden (WLW),https://web.archive.org/web/2024/https://www.wlw-wiesbaden.de/wasser/wasserhaerte,1.3,14.2,,,2025,https://web.archive.org/web/20251219194746id_/https://www.eswe-versorgung.de/fileadmin/user_upload/dateien/wassernetz/Analyse-Ried.pdf
Wolfsburg,Wolfsburg,DE,141.0,7.9,,,51.3,3.3,0.6,24.0,7.5,121.4,groundwater,hard,2026,"LSW Energie, Wasser und Waerme",https://www.lsw.de/fileadmin/user_upload/Pr%C3%BCfbericht_Wolfsburg.pdf,6.8,6.8,,,2026,https://www.lsw.de/fileadmin/user_upload/Pr%C3%BCfbericht_Wolfsburg.pdf
Wuppertal,Wuppertal,DE,,,5.1,11.3,,,,,8.0,,reservoir;river_bank,varies by supply zone,2025,Stadt Wuppertal (WAW),https://www.wuppertal.de/microsite/wasserversorgung/medien/bindata/Trinkwasseranalyse-2025.pdf,4.1,6.1,,,2025,https://www.wuppertal.de/microsite/wasserversorgung/medien/bindata/Trinkwasseranalyse-2025.pdf
Würzburg,Würzburg,DE,,,38.2,42.7,,,,,7.08,,,varies by supply zone,2026,Würzburger Versorgungs- und Verkehrs-GmbH (WVV),https://www.wvv.de/trinkwasser/wuerzburg/,17.6,18.3,,,2026,https://www.wvv.de/trinkwasser/wuerzburg/index.html
Acheres,Acheres,FR,369.9,20.7,,,103.2,27.2,6.8,20.4,7.27,291.0,,very hard,2026,"Hubeau, Ministère de la Santé (contrôle sanitaire)",https://hubeau.eaufrance.fr/page/api-qualite-eau-potable,16.3,16.3,,,,
Aix-en-Provence,Aix-en-Provence,FR,178.1,10.0,,,63.1,5.0,0.6,13.7,8.1,157.5,,hard,2026,"Hubeau, Ministère de la Santé (contrôle sanitaire)",https://hubeau.eaufrance.fr/page/api-qualite-eau-potable,8.8,8.8,,,,
Ajaccio,Ajaccio,FR,60.0,3.4,,,20.5,2.0,1.0,7.8,7.7,56.0,,moderately hard,2026,"Hubeau, Ministère de la Santé (contrôle sanitaire)",https://hubeau.eaufrance.fr/page/api-qualite-eau-potable,3.1,3.1,,,,
Amiens,Amiens,FR,301.0,16.9,,,108.0,6.3,32.2,12.2,7.2,249.0,,very hard,2026,"Hubeau, Ministère de la Santé (contrôle sanitaire)",https://hubeau.eaufrance.fr/page/api-qualite-eau-potable,14.0,14.0,,,,
Angers,Angers,FR,166.0,9.3,,,,,13.0,,7.6,119.0,,hard,2026,"Hubeau, Ministère de la Santé (contrôle sanitaire)",https://hubeau.eaufrance.fr/page/api-qualite-eau-potable,6.7,6.7,,,,
Annecy,Annecy,FR,296.0,16.6,,,113.0,3.5,12.0,3.1,7.4,276.0,,very hard,2026,"Hubeau, Ministère de la Santé (contrôle sanitaire)",https://hubeau.eaufrance.fr/page/api-qualite-eau-potable,15.5,15.5,,,,
Antibes,Antibes,FR,402.3,22.5,,,105.1,33.9,14.2,15.2,7.18,314.0,,very hard,2026,"Hubeau, Ministère de la Santé (contrôle sanitaire)",https://hubeau.eaufrance.fr/page/api-qualite-eau-potable,17.6,17.6,,,,
Antony,Antony,FR,253.6,14.2,,,95.2,3.8,22.6,,7.4,188.0,,very hard,2026,"Hubeau, Ministère de la Santé (contrôle sanitaire)",https://hubeau.eaufrance.fr/page/api-qualite-eau-potable,10.5,10.5,,,,
Avignon,Avignon,FR,291.0,16.3,,,92.6,13.6,5.3,11.4,7.56,240.5,,very hard,2026,"Hubeau, Ministère de la Santé (contrôle sanitaire)",https://hubeau.eaufrance.fr/page/api-qualite-eau-potable,13.5,13.5,,,,
Besancon,Besancon,FR,244.0,13.7,,,92.6,3.3,4.4,3.1,7.6,228.0,,very hard,2026,"Hubeau, Ministère de la Santé (contrôle sanitaire)",https://hubeau.eaufrance.fr/page/api-qualite-eau-potable,12.8,12.8,,,,
Biarritz,Biarritz,FR,119.0,6.7,,,,,2.9,9.6,8.2,110.0,,moderately hard,2026,"Hubeau, Ministère de la Santé (contrôle sanitaire)",https://hubeau.eaufrance.fr/page/api-qualite-eau-potable,6.2,6.2,,,,
Bordeaux,Bordeaux,FR,188.0,10.5,,,66.0,5.1,2.0,24.0,7.5,188.0,,very hard,2026,"Hubeau, Ministère de la Santé (contrôle sanitaire)",https://hubeau.eaufrance.fr/page/api-qualite-eau-potable,10.5,10.5,,,,
Brest,Brest,FR,130.0,7.3,,,44.4,4.7,25.0,26.5,7.7,63.0,,hard,2026,"Hubeau, Ministère de la Santé (contrôle sanitaire)",https://hubeau.eaufrance.fr/page/api-qualite-eau-potable,3.5,3.5,,,,
Caen,Caen,FR,241.0,13.5,,,87.5,5.5,33.7,19.4,7.3,173.0,,very hard,2026,"Hubeau, Ministère de la Santé (contrôle sanitaire)",https://hubeau.eaufrance.fr/page/api-qualite-eau-potable,9.7,9.7,,,,
Cannes,Cannes,FR,310.2,17.4,,,93.5,14.3,5.4,10.3,7.78,212.0,,very hard,2026,"Hubeau, Ministère de la Santé (contrôle sanitaire)",https://hubeau.eaufrance.fr/page/api-qualite-eau-potable,11.9,11.9,,,,
Castres,Castres,FR,117.0,6.6,,,39.4,4.5,4.9,4.8,8.0,116.0,,moderately hard,2026,"Hubeau, Ministère de la Santé (contrôle sanitaire)",https://hubeau.eaufrance.fr/page/api-qualite-eau-potable,6.5,6.5,,,,
Cergy,Cergy,FR,293.8,16.5,,,,,24.2,17.0,7.4,223.0,,very hard,2026,"Hubeau, Ministère de la Santé (contrôle sanitaire)",https://hubeau.eaufrance.fr/page/api-qualite-eau-potable,12.5,12.5,,,,
Chartres,Chartres,FR,207.1,11.6,,,,,37.8,9.2,7.5,153.5,,very hard,2026,"Hubeau, Ministère de la Santé (contrôle sanitaire)",https://hubeau.eaufrance.fr/page/api-qualite-eau-potable,8.6,8.6,,,,
Chateauroux,Chateauroux,FR,231.0,12.9,,,93.4,4.1,49.0,20.0,7.3,235.0,,very hard,2026,"Hubeau, Ministère de la Santé (contrôle sanitaire)",https://hubeau.eaufrance.fr/page/api-qualite-eau-potable,13.2,13.2,,,,
Chatou,Chatou,FR,195.7,11.0,,,67.1,6.8,13.6,,7.76,202.0,,very hard,2026,"Hubeau, Ministère de la Santé (contrôle sanitaire)",https://hubeau.eaufrance.fr/page/api-qualite-eau-potable,11.3,11.3,,,,
Cherbourg,Cherbourg,FR,132.0,7.4,,,40.4,6.4,21.3,16.9,8.1,102.0,,hard,2026,"Hubeau, Ministère de la Santé (contrôle sanitaire)",https://hubeau.eaufrance.fr/page/api-qualite-eau-potable,5.7,5.7,,,,
Clermont-Ferrand,Clermont-Ferrand,FR,65.5,3.7,,,14.0,7.4,12.8,15.3,7.5,69.0,,moderately hard,2026,"Hubeau, Ministère de la Santé (contrôle sanitaire)",https://hubeau.eaufrance.fr/page/api-qualite-eau-potable,3.9,3.9,,,,
Dijon,Dijon,FR,267.0,15.0,,,96.6,5.2,11.0,2.6,7.6,269.2,,very hard,2026,"Hubeau, Ministère de la Santé (contrôle sanitaire)",https://hubeau.eaufrance.fr/page/api-qualite-eau-potable,15.1,15.1,,,,
Dreux,Dreux,FR,283.4,15.9,,,98.1,7.2,38.2,12.9,7.1,230.5,,very hard,2026,"Hubeau, Ministère de la Santé (contrôle sanitaire)",https://hubeau.eaufrance.fr/page/api-qualite-eau-potable,12.9,12.9,,,,
Fontainebleau,Fontainebleau,FR,244.7,13.7,,,91.8,3.7,19.6,8.9,7.1,214.5,,very hard,2026,"Hubeau, Ministère de la Santé (contrôle sanitaire)",https://hubeau.eaufrance.fr/page/api-qualite-eau-potable,12.0,12.0,,,,
Grenoble,Grenoble,FR,205.1,11.5,,,66.9,8.9,5.2,5.3,7.7,192.5,,very hard,2026,"Hubeau, Ministère de la Santé (contrôle sanitaire)",https://hubeau.eaufrance.fr/page/api-qualite-eau-potable,10.8,10.8,,,,
La Garenne-Colombes,La Garenne-Colombes,FR,168.7,9.5,,,57.6,6.0,25.8,,7.76,163.5,,hard,2026,"Hubeau, Ministère de la Santé (contrôle sanitaire)",https://hubeau.eaufrance.fr/page/api-qualite-eau-potable,9.2,9.2,,,,
La Rochelle,La Rochelle,FR,277.0,15.5,,,,,29.0,16.0,7.2,247.0,,very hard,2026,"Hubeau, Ministère de la Santé (contrôle sanitaire)",https://hubeau.eaufrance.fr/page/api-qualite-eau-potable,13.8,13.8,,,,
Le Havre,Le Havre,FR,236.0,13.2,,,96.0,3.3,34.2,14.2,7.3,213.0,,very hard,2026,"Hubeau, Ministère de la Santé (contrôle sanitaire)",https://hubeau.eaufrance.fr/page/api-qualite-eau-potable,11.9,11.9,,,,
Le Mans,Le Mans,FR,298.0,16.7,,,108.0,3.9,17.0,16.1,7.7,226.0,,very hard,2026,"Hubeau, Ministère de la Santé (contrôle sanitaire)",https://hubeau.eaufrance.fr/page/api-qualite-eau-potable,12.7,12.7,,,,
Lille,Lille,FR,345.1,19.3,,,136.0,3.6,25.3,24.4,7.3,271.5,,very hard,2026,"Hubeau, Ministère de la Santé (contrôle sanitaire)",https://hubeau.eaufrance.fr/page/api-qualite-eau-potable,15.2,15.2,,,,
Limoges,Limoges,FR,100.0,5.6,,,39.0,0.6,3.4,12.0,8.1,87.0,,moderately hard,2026,"Hubeau, Ministère de la Santé (contrôle sanitaire)",https://hubeau.eaufrance.fr/page/api-qualite-eau-potable,4.9,4.9,,,,
Lorient,Lorient,FR,132.0,7.4,,,43.3,4.9,23.0,17.7,8.2,91.0,,hard,2026,"Hubeau, Ministère de la Santé (contrôle sanitaire)",https://hubeau.eaufrance.fr/page/api-qualite-eau-potable,5.1,5.1,,,,
Lyon,Lyon,FR,186.7,10.5,,,65.8,5.4,4.6,6.6,7.6,167.5,,very hard,2026,"Hubeau, Ministère de la Santé (contrôle sanitaire)",https://hubeau.eaufrance.fr/page/api-qualite-eau-potable,9.4,9.4,,,,
Marseille,Marseille,FR,222.6,12.5,,,68.1,14.0,1.4,11.5,7.87,112.5,,very hard,2026,"Hubeau, Ministère de la Santé (contrôle sanitaire)",https://hubeau.eaufrance.fr/page/api-qualite-eau-potable,6.3,6.3,,,,
Metz,Metz,FR,192.0,10.8,,,66.0,6.4,8.4,,7.8,156.0,,very hard,2026,"Hubeau, Ministère de la Santé (contrôle sanitaire)",https://hubeau.eaufrance.fr/page/api-qualite-eau-potable,8.7,8.7,,,,
Montpellier,Montpellier,FR,321.7,18.0,,,112.7,9.7,5.3,20.2,7.4,284.5,,very hard,2026,"Hubeau, Ministère de la Santé (contrôle sanitaire)",https://hubeau.eaufrance.fr/page/api-qualite-eau-potable,15.9,15.9,,,,
Mulhouse,Mulhouse,FR,106.0,5.9,,,33.0,5.7,17.0,9.2,6.8,77.0,,moderately hard,2026,"Hubeau, Ministère de la Santé (contrôle sanitaire)",https://hubeau.eaufrance.fr/page/api-qualite-eau-potable,4.3,4.3,,,,
Nancy,Nancy,FR,152.0,8.5,,,44.0,10.0,3.7,,8.0,85.0,,hard,2026,"Hubeau, Ministère de la Santé (contrôle sanitaire)",https://hubeau.eaufrance.fr/page/api-qualite-eau-potable,4.8,4.8,,,,
Nantes,Nantes,FR,127.0,7.1,,,42.9,4.6,8.5,22.4,7.9,90.0,,hard,2026,"Hubeau, Ministère de la Santé (contrôle sanitaire)",https://hubeau.eaufrance.fr/page/api-qualite-eau-potable,5.0,5.0,,,,
Nevers,Nevers,FR,116.4,6.5,,,,,6.8,9.2,7.62,106.5,,moderately hard,2026,"Hubeau, Ministère de la Santé (contrôle sanitaire)",https://hubeau.eaufrance.fr/page/api-qualite-eau-potable,6.0,6.0,,,,
Nizza,Nice,FR,153.6,8.6,,,47.5,8.8,1.0,11.8,8.15,63.0,,hard,2026,"Hubeau, Ministère de la Santé (contrôle sanitaire)",https://hubeau.eaufrance.fr/page/api-qualite-eau-potable,3.5,3.5,,,,
Nimes,Nimes,FR,225.9,12.7,,,78.5,7.2,7.1,10.3,7.1,197.5,,very hard,2026,"Hubeau, Ministère de la Santé (contrôle sanitaire)",https://hubeau.eaufrance.fr/page/api-qualite-eau-potable,11.1,11.1,,,,
Orleans,Orleans,FR,155.9,8.7,,,56.3,5.0,13.4,10.8,7.6,156.0,,hard,2026,"Hubeau, Ministère de la Santé (contrôle sanitaire)",https://hubeau.eaufrance.fr/page/api-qualite-eau-potable,8.7,8.7,,,,
Paris,Paris,FR,249.2,14.0,,,94.4,3.2,32.8,7.9,7.81,208.0,,very hard,2026,"Hubeau, Ministère de la Santé (contrôle sanitaire)",https://hubeau.eaufrance.fr/page/api-qualite-eau-potable,11.7,11.7,,,,
Pau,Pau,FR,115.0,6.4,,,40.2,3.0,1.6,3.1,8.5,105.0,,moderately hard,2026,"Hubeau, Ministère de la Santé (contrôle sanitaire)",https://hubeau.eaufrance.fr/page/api-qualite-eau-potable,5.9,5.9,,,,
Perpignan,Perpignan,FR,131.0,7.3,,,42.0,6.3,12.4,8.8,8.0,94.2,,hard,2026,"Hubeau, Ministère de la Santé (contrôle sanitaire)",https://hubeau.eaufrance.fr/page/api-qualite-eau-potable,5.3,5.3,,,,
Poitiers,Poitiers,FR,251.0,14.1,,,86.0,8.7,44.0,13.0,7.6,217.0,,very hard,2026,"Hubeau, Ministère de la Santé (contrôle sanitaire)",https://hubeau.eaufrance.fr/page/api-qualite-eau-potable,12.2,12.2,,,,
Reims,Reims,FR,271.0,15.2,,,102.0,4.0,23.2,11.0,7.4,236.0,,very hard,2026,"Hubeau, Ministère de la Santé (contrôle sanitaire)",https://hubeau.eaufrance.fr/page/api-qualite-eau-potable,13.2,13.2,,,,
Rennes,Rennes,FR,155.0,8.7,,,52.5,5.0,15.7,18.0,8.1,97.0,,hard,2026,"Hubeau, Ministère de la Santé (contrôle sanitaire)",https://hubeau.eaufrance.fr/page/api-qualite-eau-potable,5.4,5.4,,,,
Rouen,Rouen,FR,278.0,15.6,,,112.0,3.3,23.6,9.3,7.4,262.0,,very hard,2026,"Hubeau, Ministère de la Santé (contrôle sanitaire)",https://hubeau.eaufrance.fr/page/api-qualite-eau-potable,14.7,14.7,,,,
Rueil-Malmaison,Rueil-Malmaison,FR,185.5,10.4,,,59.7,8.8,15.2,,7.6,208.5,,very hard,2026,"Hubeau, Ministère de la Santé (contrôle sanitaire)",https://hubeau.eaufrance.fr/page/api-qualite-eau-potable,11.7,11.7,,,2026,https://hubeau.eaufrance.fr/page/api-qualite-eau-potable
Saint-Etienne,Saint-Etienne,FR,338.0,18.9,,,118.0,8.1,32.8,17.7,7.1,257.0,,very hard,2026,"Hubeau, Ministère de la Santé (contrôle sanitaire)",https://hubeau.eaufrance.fr/page/api-qualite-eau-potable,14.4,14.4,,,,
Straßburg,Strasbourg,FR,248.0,13.9,,,81.0,11.0,11.0,23.0,7.2,205.0,,very hard,2026,"Hubeau, Ministère de la Santé (contrôle sanitaire)",https://hubeau.eaufrance.fr/page/api-qualite-eau-potable,11.5,11.5,,,,
Toulon,Toulon,FR,350.8,19.7,,,115.0,15.5,4.5,8.4,7.76,254.5,,very hard,2026,"Hubeau, Ministère de la Santé (contrôle sanitaire)",https://hubeau.eaufrance.fr/page/api-qualite-eau-potable,14.3,14.3,,,,
Toulouse,Toulouse,FR,91.0,5.1,,,32.0,2.7,3.0,5.2,8.0,85.0,,moderately hard,2026,"Hubeau, Ministère de la Santé (contrôle sanitaire)",https://hubeau.eaufrance.fr/page/api-qualite-eau-potable,4.8,4.8,,,,
Tours,Tours,FR,143.0,8.0,,,46.8,6.1,11.0,12.2,7.5,137.0,,hard,2026,"Hubeau, Ministère de la Santé (contrôle sanitaire)",https://hubeau.eaufrance.fr/page/api-qualite-eau-potable,7.7,7.7,,,,
Troyes,Troyes,FR,239.0,13.4,,,90.0,3.3,16.0,3.3,7.4,210.0,,very hard,2026,"Hubeau, Ministère de la Santé (contrôle sanitaire)",https://hubeau.eaufrance.fr/page/api-qualite-eau-potable,11.8,11.8,,,,
Valence,Valence,FR,300.6,16.8,,,100.2,12.2,34.3,8.8,7.4,295.5,,very hard,2026,"Hubeau, Ministère de la Santé (contrôle sanitaire)",https://hubeau.eaufrance.fr/page/api-qualite-eau-potable,16.6,16.6,,,,
Aberdeen,Aberdeen,GB,26.7,1.5,1.1,1.5,,,,,,,,soft,2024,Scottish Water,https://www.scottishwater.co.uk/-/media/scottishwater/document-hub/key-publications/water-quality/130225waterhardnessdata24.pdf,,,,,,
Belfast,Belfast,GB,157.7,8.8,2.4,8.9,,,,,,,,hard,2025,NI Water,https://www.niwater.com/about-your-water/drinking-water/water-quality-results,,,,,,
Bristol,Bristol,GB,205.0,11.5,11.5,11.9,,,,,,155.0,,very hard,2025,Bristol Water,https://www.bristolwater.co.uk/home/account-and-services/water-quality-checker,8.7,8.7,,,2025,https://www.bristolwater.co.uk/home/account-and-services/water-quality-checker
Cambridge,Cambridge,GB,334.6,18.7,17.2,18.7,,,,,,,,very hard,2025,Cambridge Water,https://www.cambridge-water.co.uk/household/my-water-supply/water-quality/water-quality-standards/cambridge-city-north-water-quality-zone-z1/,,,,,,
Cardiff,Cardiff,GB,105.3,5.9,,,,,,,,73.3,,moderately hard,2025,Dŵr Cymru Welsh Water,https://www.dwrcymru.com/en/help-advice/drinking-water-quality/water-hardness,4.1,4.1,,,2025,https://inyourarea.digdat.co.uk/dwrcymru
Edinburgh,Edinburgh,GB,31.4,1.8,1.7,1.8,,,,,,,,soft,2024,Scottish Water,https://www.scottishwater.co.uk/-/media/scottishwater/document-hub/key-publications/water-quality/130225waterhardnessdata24.pdf,,,,,,
Glasgow,Glasgow,GB,15.7,0.9,0.9,1.3,,,,,,,,soft,2024,Scottish Water,https://www.scottishwater.co.uk/-/media/scottishwater/document-hub/key-publications/water-quality/130225waterhardnessdata24.pdf,,,,,,
Kingston upon Hull,Kingston upon Hull,GB,370.6,20.8,,,138.0,6.3,41.3,24.0,7.2,,,very hard,2024,Yorkshire Water,https://www.yorkshirewater.com/your-water/water-hardness/,,,,,,
Portsmouth,Portsmouth,GB,288.2,16.1,,,,,34.4,9.5,7.28,234.3,,very hard,2021,Portsmouth Water,https://www.portsmouthwater.co.uk/wp-content/uploads/2022/06/ZFA1-WQ-Summary_2021.pdf,13.1,13.1,,,2021,https://www.portsmouthwater.co.uk/wp-content/uploads/2022/06/ZFA1-WQ-Summary_2021.pdf
York,York,GB,246.7,13.8,,,86.6,7.4,19.3,15.6,7.2,,,very hard,2024,Yorkshire Water,https://www.yorkshirewater.com/your-water/water-hardness/,,,,,,
Bozen,Bolzano,IT,,,7.3,9.0,,,,,7.9,,groundwater,weich bis mittelhart,2026,SEAB Bozen,https://www.seab.bz.it/de/bozner-trinkwasser,4.6,7.3,,,2025,https://umwelt.provinz.bz.it/de/wasser/oeffentliche-trinkwasserleitungen
Brixen,Bressanone,IT,40.0,2.2,1.7,2.2,,,2.0,1.0,8.6,,spring;groundwater,weich,2025,Landesumweltagentur Südtirol,https://umwelt.provinz.bz.it/de/system.id=529d168a-8b01-460d-bac7-d9423a861e78,1.6,1.8,,,2025,https://umwelt.provinz.bz.it/de/wasser/oeffentliche-trinkwasserleitungen
Bruneck,Brunico,IT,,,2.8,8.4,,,,1.0,8.4,,spring,weich,2025,Landesumweltagentur Südtirol,https://umwelt.provinz.bz.it/de/system.id=529d168a-8b01-460d-bac7-d9423a861e78,2.7,4.6,,,2025,https://umwelt.provinz.bz.it/de/wasser/oeffentliche-trinkwasserleitungen
Leifers,Laives,IT,,,6.7,12.3,,,7.0,11.0,7.9,,spring;groundwater,mittel bis hart,2025,Landesumweltagentur Südtirol,https://umwelt.provinz.bz.it/de/system.id=529d168a-8b01-460d-bac7-d9423a861e78,6.0,9.0,,,2025,https://umwelt.provinz.bz.it/de/wasser/oeffentliche-trinkwasserleitungen
Meran,Merano,IT,,,1.1,9.0,,,,,,,spring,weich bis hart,2025,Landesumweltagentur Südtirol,https://umwelt.provinz.bz.it/de/system.id=529d168a-8b01-460d-bac7-d9423a861e78,1.3,4.8,,,2025,https://umwelt.provinz.bz.it/de/wasser/oeffentliche-trinkwasserleitungen
